-- phpMyAdmin SQL Dump
-- version 4.9.1
-- https://www.phpmyadmin.net/
--
-- 主机： 127.0.0.1
-- 生成日期： 2019-12-28 04:06:50
-- 服务器版本： 10.4.8-MariaDB
-- PHP 版本： 7.3.11

SET SQL_MODE = "NO_AUTO_VALUE_ON_ZERO";
SET AUTOCOMMIT = 0;
START TRANSACTION;
SET time_zone = "+00:00";


/*!40101 SET @OLD_CHARACTER_SET_CLIENT=@@CHARACTER_SET_CLIENT */;
/*!40101 SET @OLD_CHARACTER_SET_RESULTS=@@CHARACTER_SET_RESULTS */;
/*!40101 SET @OLD_COLLATION_CONNECTION=@@COLLATION_CONNECTION */;
/*!40101 SET NAMES utf8mb4 */;

--
-- 数据库： `forum`
--

-- --------------------------------------------------------

--
-- 表的结构 `friend`
--

CREATE TABLE `friend` (
  `id` int(11) NOT NULL,
  `oneid` varchar(20) DEFAULT NULL,
  `twoid` varchar(20) DEFAULT NULL,
  `onename` varchar(20) DEFAULT NULL,
  `twoname` varchar(20) DEFAULT NULL,
  `oneavatar` varchar(200) DEFAULT NULL,
  `twoavatar` varchar(200) DEFAULT NULL
) ENGINE=InnoDB DEFAULT CHARSET=utf8;

--
-- 转存表中的数据 `friend`
--

INSERT INTO `friend` (`id`, `oneid`, `twoid`, `onename`, `twoname`, `oneavatar`, `twoavatar`) VALUES
(8, '504157163', '10001', 'Yeri男朋友', '10001', '504157163.jpg', '10001.jpeg'),
(9, '504157163', '20172005161', 'Yeri男朋友', '刘刘刘毅飞', '504157163.jpg', '20172005161.jpg'),
(10, '20172005161', '10001', '刘刘刘毅飞', '10001', '20172005161.jpg', '10001.jpeg'),
(11, '665', '504157163', 'Ammy', 'Yeri男朋友', '665.jfif', '504157163.jpg'),
(12, '665', '20172005161', 'Ammy', '刘刘刘毅飞', '665.jfif', '20172005161.jpg'),
(13, '665', '10001', 'Ammy', '10001', '665.jfif', '10001.jpeg'),
(14, '666', '20172005161', '65656666', '刘刘刘毅飞', '666.jpg', '20172005161.jpg');

-- --------------------------------------------------------

--
-- 表的结构 `postreply`
--

CREATE TABLE `postreply` (
  `id` int(11) NOT NULL,
  `uid` varchar(20) DEFAULT NULL,
  `nickname` varchar(20) DEFAULT NULL,
  `avatar` varchar(200) DEFAULT NULL,
  `publishtime` bigint(20) DEFAULT NULL,
  `directreply` smallint(6) DEFAULT NULL,
  `replyto` int(11) DEFAULT NULL,
  `postgroup` int(11) DEFAULT NULL,
  `replygroup` int(11) DEFAULT NULL,
  `content` varchar(200) DEFAULT NULL,
  `title` varchar(50) DEFAULT NULL
) ENGINE=InnoDB DEFAULT CHARSET=utf8;

--
-- 转存表中的数据 `postreply`
--

INSERT INTO `postreply` (`id`, `uid`, `nickname`, `avatar`, `publishtime`, `directreply`, `replyto`, `postgroup`, `replygroup`, `content`, `title`) VALUES
(78, '10001', '10001', '10001.jpeg', 1577458717267, -1, -1, 78, -1, '谁有期末复习资料，救救孩子吧', '谁有期末复习资料啊'),
(79, '20172005161', '刘刘刘毅飞', '20172005161.jpg', 1577458723190, -1, -1, 79, -1, '华南不放假大学', '还有亿天就放假啦！！！'),
(80, '504157163', 'Yeri男朋友', '504157163.jpg', 1577458753760, -1, -1, 80, -1, '我是华师XXX，有谁有兴趣组队~', '华师挑战杯求组队！'),
(81, '10001', '10001', '10001.jpeg', 1577458772737, 1, 79, 79, 81, '傻逼', NULL),
(82, '10001', '10001', '10001.jpeg', 1577458840849, 1, 80, 80, 82, '华师大创求组队', NULL),
(83, '20172005161', '刘刘刘毅飞', '20172005161.jpg', 1577458853768, 1, 80, 80, 83, '带我！！带我！!', NULL),
(84, '504157163', 'Yeri男朋友', '504157163.jpg', 1577458881140, 0, 81, 79, 81, '华师挑战杯组队吗?', NULL),
(85, '665', 'Ammy', '665.jfif', 1577458949501, -1, -1, 85, -1, '冲鸭', '我们是A224开发团队'),
(86, '10001', '10001', '10001.jpeg', 1577458977155, 1, 85, 85, 86, '女装大佬', NULL),
(87, '504157163', 'Yeri男朋友', '504157163.jpg', 1577459202411, -1, -1, 87, -1, '如标题，大家过去的时候可以带点食物。', '康有为广场发现一只被遗弃的小猫'),
(88, '20172005161', '刘刘刘毅飞', '20172005161.jpg', 1577459231231, -1, -1, 88, -1, '好可爱啊awsl', '有人喜欢哇吹梅雨吗'),
(89, '665', 'Ammy', '665.jfif', 1577459234486, -1, -1, 89, -1, '冲啊', '冲冲冲'),
(90, '665', 'Ammy', '665.jfif', 1577459299491, -1, -1, 90, -1, '我哭了', '熹园什么时候才能跟上本部啊'),
(91, '665', 'Ammy', '665.jfif', 1577459710212, -1, -1, 91, -1, '哎。。。', '中级软件设计实作让人头秃'),
(92, '20172005161', '刘刘刘毅飞', '20172005161.jpg', 1577459768496, -1, -1, 92, -1, '本贫苦人口要被消灭了！', '还有几天就是2020年啦！'),
(93, '504157163', 'Yeri男朋友', '504157163.jpg', 1577459797796, -1, -1, 93, -1, '饭堂天天吃到石头，不知道是菜香还是石头香', '熹园他香吗？'),
(94, '20172005161', '刘刘刘毅飞', '20172005161.jpg', 1577459810034, -1, -1, 94, -1, '还要考试？？', '为什么这学期这么多大作业？？'),
(95, '665', 'Ammy', '665.jfif', 1577459850196, -1, -1, 95, -1, '新年快乐啊！！！！！', '鼠年祝大家新年快乐'),
(96, '20172005161', '刘刘刘毅飞', '20172005161.jpg', 1577459877632, -1, -1, 96, -1, '好想开黑，可是还没复习完', '好久没打lol了'),
(97, '504157163', 'Yeri男朋友', '504157163.jpg', 1577459881832, -1, -1, 97, -1, '小道消息陈奕迅要在内地开演唱会了啊啊啊啊啊啊啊啊啊啊啊啊啊好开心哈哈哈哈哈哈哈哈哈哈哈哈哈哈哈哈哈哈哈哈哈哈哈哈哈哈哈哈哈哈哈哈哈哈哈哈哈哈哈哈哈哈哈哈哈哈哈哈哈哈哈哈哈哈哈哈哈哈哈哈哈哈哈哈哈哈哈哈哈哈哈哈哈哈哈哈哈哈哈哈哈哈哈哈哈哈哈哈哈哈哈哈哈哈哈哈哈哈哈哈哈哈哈哈哈哈哈哈哈哈哈哈哈哈哈哈哈哈哈哈哈哈哈哈哈哈哈哈哈哈哈哈哈哈哈哈哈哈哈哈哈哈哈哈哈哈哈哈哈哈哈哈哈哈哈哈哈哈哈哈哈哈哈哈哈哈哈哈', '2020年广州陈奕迅演唱会有人一起吗？'),
(98, '504157163', 'Yeri男朋友', '504157163.jpg', 1577459929240, -1, -1, 98, -1, '冲冲冲冲冲冲', '冲冲冲大作业'),
(99, '20172005161', '刘刘刘毅飞', '20172005161.jpg', 1577459953724, -1, -1, 99, -1, '没钱说nm呢', '楼上的陈奕迅演唱会！'),
(100, '504157163', 'Yeri男朋友', '504157163.jpg', 1577459962850, -1, -1, 100, -1, 'yehooo开心有新歌', '告五人出新歌啦~~'),
(101, '665', 'Ammy', '665.jfif', 1577459975358, -1, -1, 101, -1, '大作业退散！！', '元旦快来了，提前祝大家元旦快乐！！！'),
(102, '10001', '10001', '10001.jpeg', 1577459999954, -1, -1, 102, -1, '那个人好帅啊♂\n', '有人认识软件学院的刘毅飞吗'),
(103, '504157163', 'Yeri男朋友', '504157163.jpg', 1577460009197, -1, -1, 103, -1, '各位师兄师姐有什么好吃的推荐，可以点外卖', '阳光有什么好吃的推荐吗？'),
(104, '504157163', 'Yeri男朋友', '504157163.jpg', 1577460054274, 1, 103, 103, 104, '我只知道汉釜宫', NULL),
(105, '20172005161', '刘刘刘毅飞', '20172005161.jpg', 1577460076127, 1, 103, 103, 105, '福运来分量很多！', NULL),
(106, '665', 'Ammy', '665.jfif', 1577460095404, 1, 103, 103, 106, '光头佬吧', NULL),
(107, '20172005161', '刘刘刘毅飞', '20172005161.jpg', 1577460117389, 1, 103, 103, 107, '汉釜宫蛋包饭好吃！', NULL),
(108, '665', 'Ammy', '665.jfif', 1577460117686, 0, 104, 103, 104, '大概多少钱啊？', NULL),
(109, '10001', '10001', '10001.jpeg', 1577460124685, 1, 103, 103, 109, '东软饭堂', NULL),
(110, '504157163', 'Yeri男朋友', '504157163.jpg', 1577460158949, 0, 108, 103, 104, '回复Ammy:不多，666元', NULL),
(111, '20172005161', '刘刘刘毅飞', '20172005161.jpg', 1577460177766, 0, 104, 103, 104, '除了蛋包饭就没吃过其他的了', NULL),
(112, '20172005161', '刘刘刘毅飞', '20172005161.jpg', 1577460214847, 0, 104, 103, 104, '有一说一666确实不多', NULL),
(113, '10001', '10001', '10001.jpeg', 1577460290320, 0, 105, 103, 105, '大概多少饭', NULL),
(114, '665', 'Ammy', '665.jfif', 1577460325972, 0, 112, 103, 104, '回复刘刘刘毅飞:我觉得挺饱的', NULL),
(115, '504157163', 'Yeri男朋友', '504157163.jpg', 1577460364045, 0, 114, 103, 104, '回复Ammy:是我胃口太大了吗？我吃了还饿', NULL),
(116, '665', 'Ammy', '665.jfif', 1577461686508, 1, 78, 78, 116, '我有', NULL),
(117, '20172005161', '刘刘刘毅飞', '20172005161.jpg', 1577496139378, 0, 109, 103, 109, '东软饭堂比熹园好吃', NULL),
(118, '20172005161', '刘刘刘毅飞', '20172005161.jpg', 1577496181665, -1, -1, 118, -1, '我又来了，大家明天记得交linux作业啊', '今天是12月28号'),
(120, '666', '65656666', '666.jpg', 1577498856041, 0, 115, 103, 104, '回复Yeri男朋友:其实我也是', NULL),
(121, '666', '65656666', '666.jpg', 1577498884632, 1, 103, 103, 121, '熹园天下第一！！', NULL),
(122, '666', '65656666', '666.jpg', 1577498976918, -1, -1, 122, -1, '我的第一个贴子！！', '我也要发帖子！！');

-- --------------------------------------------------------

--
-- 表的结构 `talkinfo`
--

CREATE TABLE `talkinfo` (
  `id` int(11) NOT NULL,
  `content` varchar(200) DEFAULT NULL,
  `senderid` varchar(20) DEFAULT NULL,
  `sendername` varchar(20) DEFAULT NULL,
  `receiverid` varchar(20) DEFAULT NULL,
  `receivername` varchar(20) DEFAULT NULL,
  `sendtime` bigint(20) DEFAULT NULL,
  `senderavatar` varchar(200) DEFAULT NULL,
  `receiveravatar` varchar(200) DEFAULT NULL
) ENGINE=InnoDB DEFAULT CHARSET=utf8;

--
-- 转存表中的数据 `talkinfo`
--

INSERT INTO `talkinfo` (`id`, `content`, `senderid`, `sendername`, `receiverid`, `receivername`, `sendtime`, `senderavatar`, `receiveravatar`) VALUES
(55, '傻逼', '10001', '10001', '504157163', 'Yeri男朋友', 1577458864691, '10001.jpeg', '504157163.jpg'),
(56, '给我一部深田绘美吧', '10001', '10001', '504157163', 'Yeri男朋友', 1577458903532, '10001.jpeg', '504157163.jpg'),
(57, '你好', '504157163', 'Yeri男朋友', '20172005161', '刘刘刘毅飞', 1577458973091, '504157163.jpg', '20172005161.jpg'),
(58, '发片发片', '20172005161', '刘刘刘毅飞', '504157163', 'Yeri男朋友', 1577459011735, '20172005161.jpg', '504157163.jpg'),
(59, 'www.baidu.com', '504157163', 'Yeri男朋友', '20172005161', '刘刘刘毅飞', 1577459040182, '504157163.jpg', '20172005161.jpg'),
(60, 'c', '20172005161', '刘刘刘毅飞', '10001', '10001', 1577459057222, '20172005161.jpg', '10001.jpeg'),
(61, '傻逼', '10001', '10001', '20172005161', '刘刘刘毅飞', 1577459057654, '10001.jpeg', '20172005161.jpg'),
(62, '080', '665', 'Ammy', '504157163', 'Yeri男朋友', 1577465353955, '665.jfif', '504157163.jpg'),
(63, '???', '20172005161', '刘刘刘毅飞', '504157163', 'Yeri男朋友', 1577496094506, '20172005161.jpg', '504157163.jpg'),
(64, '在吗，飞哥？', '666', '65656666', '20172005161', '刘刘刘毅飞', 1577498997513, '666.jpg', '20172005161.jpg'),
(65, '你好', '20172005161', '刘刘刘毅飞', '665', 'Ammy', 1577499011727, '20172005161.jpg', '665.jfif'),
(66, '？？？', '666', '65656666', '20172005161', '刘刘刘毅飞', 1577499027192, '666.jpg', '20172005161.jpg'),
(67, '5555', '666', '65656666', '20172005161', '刘刘刘毅飞', 1577499050565, '666.jpg', '20172005161.jpg'),
(68, '在!!!', '20172005161', '刘刘刘毅飞', '666', '65656666', 1577499065397, '20172005161.jpg', '666.jpg'),
(69, '吓死我了。。。。', '666', '65656666', '20172005161', '刘刘刘毅飞', 1577499077288, '666.jpg', '20172005161.jpg'),
(70, '原来你换头像了', '20172005161', '刘刘刘毅飞', '666', '65656666', 1577499085811, '20172005161.jpg', '666.jpg'),
(71, '嘿嘿嘿', '666', '65656666', '20172005161', '刘刘刘毅飞', 1577499093152, '666.jpg', '20172005161.jpg');

-- --------------------------------------------------------

--
-- 表的结构 `user`
--

CREATE TABLE `user` (
  `id` varchar(20) NOT NULL,
  `password` varchar(20) DEFAULT NULL,
  `nickname` varchar(20) DEFAULT NULL,
  `gender` varchar(5) DEFAULT NULL,
  `bornyear` smallint(6) DEFAULT NULL,
  `description` varchar(200) DEFAULT NULL,
  `avatar` varchar(200) DEFAULT NULL
) ENGINE=InnoDB DEFAULT CHARSET=utf8;

--
-- 转存表中的数据 `user`
--

INSERT INTO `user` (`id`, `password`, `nickname`, `gender`, `bornyear`, `description`, `avatar`) VALUES
('10001', '123', '10001', 'M', 2000, '1421412', '10001.jpeg'),
('20172005161', '123456', '刘刘刘毅飞', 'M', 2000, '我要成为神奇宝贝大师', '20172005161.jpg'),
('504157163', '504157163', 'Yeri男朋友', 'F', 2019, '你是银河的雏形，我是黑矮星。', '504157163.jpg'),
('665', '1', 'Ammy', 'F', 2019, '我是Ammy', '665.jfif'),
('666', '1', '65656666', 'M', 2018, '我是666啊', '666.jpg');

--
-- 转储表的索引
--

--
-- 表的索引 `friend`
--
ALTER TABLE `friend`
  ADD PRIMARY KEY (`id`);

--
-- 表的索引 `postreply`
--
ALTER TABLE `postreply`
  ADD PRIMARY KEY (`id`);

--
-- 表的索引 `talkinfo`
--
ALTER TABLE `talkinfo`
  ADD PRIMARY KEY (`id`);

--
-- 表的索引 `user`
--
ALTER TABLE `user`
  ADD PRIMARY KEY (`id`);

--
-- 在导出的表使用AUTO_INCREMENT
--

--
-- 使用表AUTO_INCREMENT `friend`
--
ALTER TABLE `friend`
  MODIFY `id` int(11) NOT NULL AUTO_INCREMENT, AUTO_INCREMENT=15;

--
-- 使用表AUTO_INCREMENT `postreply`
--
ALTER TABLE `postreply`
  MODIFY `id` int(11) NOT NULL AUTO_INCREMENT, AUTO_INCREMENT=123;

--
-- 使用表AUTO_INCREMENT `talkinfo`
--
ALTER TABLE `talkinfo`
  MODIFY `id` int(11) NOT NULL AUTO_INCREMENT, AUTO_INCREMENT=72;
COMMIT;

/*!40101 SET CHARACTER_SET_CLIENT=@OLD_CHARACTER_SET_CLIENT */;
/*!40101 SET CHARACTER_SET_RESULTS=@OLD_CHARACTER_SET_RESULTS */;
/*!40101 SET COLLATION_CONNECTION=@OLD_COLLATION_CONNECTION */;
